prolific_id,page_index,viewing_time
sub_58,0,4605.700000000186
sub_58,1,29755.0
sub_58,2,3377.7000000001863
sub_58,1,3054.9000000003725
sub_58,2,4106.0
sub_59,0,3954.5
sub_59,1,22448.299999999814
sub_59,2,11376.5
sub_60,0,40479.199999928474
sub_60,1,47871.5
sub_60,2,11176.0
sub_61,0,4379.4000000059605
sub_61,1,54424.0
sub_61,2,9344.199999988079
