prolific_id,page_index,viewing_time
selftest,0,8290.899999976158
selftest,1,62848.200000047684
selftest,2,46615.199999928474
