prolific_id,page_index,viewing_time
selftest,0,8290.899999976158
selftest,1,62848.200000047684
selftest,2,46615.199999928474
sub_01,0,3164.9000000953674
sub_01,1,30337.799999952316
sub_01,2,9886.0
sub_02,0,4905.10000000149
sub_02,1,36408.199999999255
sub_02,2,2042.9000000003725
sub_03,0,1608.6000000238419
sub_03,1,41367.19999998808
sub_03,2,5704.100000023842
sub_04,0,26256.800000000745
sub_04,1,37591.79999999702
sub_04,2,12472.0
